date,iran_khodro,s_inc_ind,saderat_bank,lotus_gold_etf
2025-05-13,672,7370,729,475488
2025-05-12,680,7490,713,471582
2025-05-11,661,9720,693,488650
2025-05-10,680,9720,713,484632
2025-05-07,701,9720,735,474460
2025-05-06,702,9720,716,471705
2025-05-05,684,9720,726,487659
2025-05-04,666,9720,709,495165
2025-05-03,649,9720,727,485753
2025-04-30,668,9720,749,455569
2025-04-29,649,9720,734,448026
2025-04-28,634,9720,722,445392
2025-04-27,629,9720,701,450431
2025-04-26,645,9720,708,431108
2025-04-23,636,9720,692,423268
2025-04-22,627,9720,674,430272
2025-04-21,3868,9720,656,441051
2025-04-20,3868,9720,637,424661
2025-04-19,3868,9720,619,456973
2025-04-16,3868,9720,601,477248
2025-04-15,3868,9720,584,487683
2025-04-14,3868,10010,584,472944
2025-04-13,3868,10060,584,462520
2025-04-12,3868,9770,567,510966
2025-04-09,3868,9730,553,536999
2025-04-08,3868,9620,562,546215
2025-04-07,3868,9340,546,605577
2025-04-06,3868,9540,562,591566
2025-04-05,3868,9820,575,580818
2025-03-30,3868,10120,561,613729
2025-03-29,3868,9840,554,629932
2025-03-26,3868,9630,569,592703
2025-03-25,3868,9350,572,570328
2025-03-18,3868,9080,556,578999
2025-03-17,3868,9250,573,542712
2025-03-16,3868,9290,611,514744
2025-03-15,3914,9050,611,499103
2025-03-12,3864,8790,611,498831
2025-03-11,3982,8630,611,500891
2025-03-10,4080,8740,611,506961
2025-03-09,3974,8560,611,509271
2025-03-08,4023,8670,611,494344
2025-03-05,3959,8790,611,474691
2025-03-04,3875,8850,611,485165
2025-03-03,3780,8920,611,477727
2025-03-02,3887,9190,611,488594
2025-03-01,3780,9250,611,494124
2025-02-26,3681,9260,611,515802
2025-02-25,3574,9100,611,503337
2025-02-24,3470,8840,611,519153
2025-02-23,3396,8590,611,516387
2025-02-22,3298,8360,611,539908
2025-02-19,3366,8370,611,520615
2025-02-18,3358,8310,611,497912
2025-02-17,3362,8110,611,487527
2025-02-16,3278,7880,611,480918
2025-02-15,3377,7960,611,481880
2025-02-11,3481,8150,611,473025
2025-02-09,3515,8230,611,482265
2025-02-05,3415,8030,611,440413
2025-02-04,3415,8010,611,425854
2025-02-03,3415,7990,611,424935
2025-02-02,3387,7980,611,423872
2025-02-01,3367,7940,611,418277
2025-01-29,3447,8040,611,410449
2025-01-27,3488,8140,611,412719
2025-01-26,3513,8200,611,415001
2025-01-25,3424,8370,611,413651
2025-01-22,3479,8370,611,407034
2025-01-21,3427,8140,611,396629
2025-01-20,3453,8150,611,389374
2025-01-19,3469,8270,611,387337
2025-01-18,3532,8370,611,384487
2025-01-15,3619,8590,611,386076
2025-01-13,3645,8450,2220,388844
2025-01-12,3643,8460,2220,385385
2025-01-11,3752,8570,2220,387763
2025-01-08,3790,8570,2220,377589
2025-01-07,3790,8430,2220,372419
2025-01-06,3733,8220,2210,367258
2025-01-05,3748,8240,2261,368383
2025-01-04,3707,8180,2325,369086
2025-01-01,3619,7950,2298,373203
2024-12-31,3591,7780,2293,374007
2024-12-30,3684,7580,2234,370603
2024-12-29,3749,7750,2242,373245
2024-12-28,3823,7960,2306,379829
2024-12-25,3768,8190,2256,370755
2024-12-24,3674,8410,2298,372572
2024-12-23,3569,8230,2296,369794
2024-12-22,3480,8080,2293,358610
2024-12-21,3460,7970,2287,362484
2024-12-18,3360,7740,2221,371276
2024-12-17,3387,7670,2283,373606
2024-12-16,3483,7710,2347,370392
2024-12-15,3564,7500,2361,366912
2024-12-14,3557,7290,2319,367327
2024-12-11,3455,7080,2252,363260
2024-12-10,3401,6930,2204,354374
2024-12-09,3463,6930,2145,350856
2024-12-08,3364,6730,2083,349870
2024-12-07,3454,6820,2030,346449
2024-12-04,3553,6990,1976,348323
2024-12-03,3522,7020,1919,346395
2024-12-02,3436,7000,1866,344561
2024-12-01,3336,6800,1812,342934
2024-11-30,3319,6890,1857,347202
2024-11-27,3298,6970,1898,339509
2024-11-26,3218,6990,1930,337386
2024-11-25,3150,6920,1905,337637
2024-11-24,3060,6720,1850,344602
2024-11-23,2977,6540,1798,349593
2024-11-20,2920,6520,1749,341499
2024-11-19,2896,6650,1800,334675
2024-11-18,2719,6780,1760,327644
2024-11-17,2719,6690,1709,326048
2024-11-16,2641,6710,1698,325587
2024-11-13,2565,6530,1649,329398
2024-11-12,2495,6530,1634,322316
2024-11-11,2427,6570,1640,317746
2024-11-10,2357,6410,1596,330768
2024-11-09,2305,6230,1550,340898
2024-11-06,2248,6050,1506,349495
2024-11-05,2246,6090,1534,341441
2024-11-04,2182,6000,1540,345532
2024-11-03,2218,6050,1572,353573
2024-11-02,2252,6210,1587,345841
2024-10-30,2188,6160,1592,350611
2024-10-29,2161,6050,1569,348579
2024-10-28,2208,5970,1598,337759
2024-10-27,2146,5800,1553,327950
2024-10-26,2084,5640,1508,321953
2024-10-23,2047,5530,1467,351294
2024-10-22,2102,5700,1512,343244
2024-10-21,2159,5760,1536,341150
2024-10-20,2219,5850,1581,341026
2024-10-19,2252,6020,1599,335053
2024-10-16,2318,6190,1617,327055
2024-10-15,2379,6170,1648,321824
2024-10-14,2440,6300,1683,323428
2024-10-13,2507,6380,1721,317650
2024-10-12,2547,6350,1720,314508
2024-10-09,2526,6260,1724,314078
2024-10-08,2550,6210,1739,313672
2024-10-07,2574,6150,1755,318484
2024-10-06,2580,6170,1772,324126
2024-10-05,2580,6220,1772,313105
2024-10-02,2581,6270,1773,311512
2024-10-01,2584,6330,1780,307410
2024-09-30,2585,6390,1781,303409
2024-09-29,2608,6410,1797,301419
2024-09-28,2632,6450,1815,308492
2024-09-25,2633,6510,1820,296206
2024-09-24,2672,6460,1774,299034
2024-09-23,2610,6300,1725,294086
2024-09-22,2549,6240,1687,291907
2024-09-18,2582,6200,1638,287716
2024-09-17,2552,6160,1591,285542
2024-09-16,2483,6090,1545,283511
2024-09-15,2468,6080,1546,282784
2024-09-14,2527,6100,1569,284401
2024-09-11,2561,6190,1604,281263
2024-09-10,2535,6240,1590,279812
2024-09-09,2518,6280,1544,279336
2024-09-08,2448,6320,1530,278517
2024-09-07,2480,6430,1531,279737
2024-09-03,2455,6590,1536,281794
2024-09-01,2493,6680,1535,280770
2024-08-31,2498,6690,1533,279785
2024-08-28,2452,6560,1515,278842
2024-08-27,2419,6570,1489,278259
2024-08-26,2409,6590,1485,279895
2024-08-24,2402,6520,1472,276131
2024-08-21,2363,6420,1455,275408
2024-08-20,2344,6400,1451,276391
2024-08-19,2376,6460,1458,275746
2024-08-18,2347,6490,1480,270622
2024-08-17,2314,6370,1455,271199
2024-08-14,2289,6250,1438,271763
2024-08-13,2269,6190,1430,272729
2024-08-12,2288,6240,1441,274470
2024-08-11,2307,6270,1445,270641
2024-08-10,2321,6280,1452,275712
2024-08-06,2308,6300,1463,282559
2024-08-05,2331,6300,1471,280979
2024-08-04,2354,6290,1477,280395
2024-08-03,2373,6310,1473,285422
2024-07-31,2520,6520,1473,278987
2024-07-30,2661,6750,1544,272675
2024-07-29,2709,6820,1557,270631
2024-07-27,2745,7010,1580,265861
2024-07-24,2755,7180,1585,264814
2024-07-23,2768,7320,1586,263842
2024-07-22,2762,7690,1591,260718
2024-07-21,2821,7690,1586,261083
2024-07-20,2821,7690,1659,258349
2024-07-17,2821,7690,1678,261737
2024-07-14,2827,7690,1687,258315
2024-07-13,2811,7690,1695,255029
2024-07-10,2879,7690,1724,257501
2024-07-09,2952,7690,1769,257223
2024-07-08,3030,7710,1803,259690
2024-07-07,3067,7710,1798,261641
2024-07-06,2945,7700,1700,256914
2024-07-03,2779,7270,1668,270807
2024-07-02,2780,7210,1668,276440
2024-07-01,2710,7150,1660,275666
2024-06-30,2698,7120,1662,278572
2024-06-29,2808,7180,1704,270718
2024-06-26,2828,7150,1669,268026
2024-06-24,2774,7010,1641,271405
2024-06-23,2736,6930,1647,264801
2024-06-22,2744,6890,1675,259054
2024-06-19,2770,6860,1675,256379
2024-06-18,2750,6820,1675,256263
2024-06-16,2805,6910,1675,256976
2024-06-15,2862,7010,1676,257905
2024-06-12,2883,7120,1653,257768
2024-06-11,2904,7150,1621,256888
2024-06-10,2885,7160,1590,257305
2024-06-09,2829,7040,1578,260230
2024-06-08,2822,6980,1580,259829
2024-06-05,2876,7120,1612,262898
2024-06-02,2821,7140,1619,263120
2024-06-01,2817,7140,1643,260000
2024-05-29,2766,7010,1657,265174
2024-05-28,2713,6910,1629,267475
2024-05-27,2664,6780,1620,257842
2024-05-26,2716,6870,1653,254386
2024-05-25,2748,6970,1662,256045
2024-05-21,2781,7020,1672,261558
2024-05-20,2739,6900,1679,262131
2024-05-19,2739,6900,1679,262131
2024-05-18,2871,7140,1756,261497
2024-05-15,2831,6990,1712,264142
2024-05-14,2865,6930,1717,262273
2024-05-13,2838,6810,1729,262311
2024-05-12,2945,7010,1776,265752
2024-05-11,2974,7090,1793,268427
2024-05-08,3023,7090,1807,268705
2024-05-07,3077,7180,1818,269757
2024-05-06,3095,7190,1821,272801
2024-05-05,3126,7390,1835,267564
2024-05-01,3121,7520,1835,269930
2024-04-30,3108,7670,1832,276768
2024-04-29,3158,7700,1846,269673
2024-04-28,3104,7760,1843,261484
2024-04-27,3150,7880,1890,261716
2024-04-24,3148,7750,1922,266475
2024-04-23,3148,7730,1932,271517
2024-04-22,3147,7890,1941,278660
2024-04-21,3166,7840,1964,281714
2024-04-20,3155,7650,1962,280612
2024-04-17,2966,7150,1890,292278
2024-04-16,2947,7080,1900,290176
2024-04-15,2975,7040,1914,282816
2024-04-14,2946,6980,1902,296584
2024-04-13,2957,7050,1908,299398
2024-04-09,3106,7190,1993,283411
2024-04-08,3086,7140,1991,270419
2024-04-07,3041,7050,1975,278205
2024-04-06,3053,7050,1949,292919
2024-04-03,3149,7000,2013,283855
2024-04-02,3137,6850,2013,279160
2024-03-30,3178,6880,2034,264634
2024-03-27,3221,6950,2017,258548
2024-03-26,3268,6930,2012,253872
2024-03-25,3341,6980,2015,258004
2024-03-24,3327,6990,2035,261058
2024-03-18,3229,6840,2028,251200
2024-03-17,3179,6560,2028,243970
2024-03-16,3108,6430,1964,238663
2024-03-13,3148,6200,1931,236001
2024-03-12,3175,6160,1895,237488
2024-03-11,3091,6100,1807,237902
2024-03-10,2972,6060,1741,236163
2024-03-09,2896,6030,1768,244186
2024-03-06,2906,6010,1790,239719
2024-03-05,2932,6030,1792,237494
2024-03-04,2838,5980,1761,231436
2024-03-03,2718,6010,1788,226830
2024-03-02,2589,5600,1763,230675
2024-02-28,2481,5600,1696,225080
2024-02-27,2436,5610,1687,225685
2024-02-26,2469,5610,1685,225618
2024-02-24,2540,5610,1707,225664
2024-02-21,2611,5610,1683,222079
2024-02-20,2633,7290,1687,219567
2024-02-19,2623,7290,1686,223440
2024-02-18,2621,7290,1675,224080
2024-02-17,2623,7290,1670,218722
2024-02-14,2623,7290,1696,216684
2024-02-13,2623,7290,1712,216548
2024-02-12,2623,7290,1715,217478
2024-02-10,2623,7290,1726,214846
2024-02-07,2623,7250,1726,216828
2024-02-06,2623,7250,1723,213944
2024-02-05,2623,7280,1724,211227
2024-02-04,2623,7350,1728,214128
2024-02-03,2649,7390,1738,215033
2024-01-31,2612,7390,1729,224503
2024-01-30,2612,7400,1741,233290
2024-01-29,2662,7400,1777,234022
2024-01-28,2664,7420,1799,226734
2024-01-27,2668,7430,1801,231050
2024-01-24,2655,7400,1800,229501
2024-01-23,2618,7360,1797,227944
2024-01-22,2700,7420,1814,219229
2024-01-21,2755,7420,1815,218077
2024-01-20,2822,7430,1829,211880
2024-01-17,2887,7460,1868,211791
2024-01-16,2874,7490,1880,212372
2024-01-15,2930,7520,1897,208159
2024-01-14,2990,7530,1911,215867
2024-01-13,2971,7510,1916,216929
2024-01-10,2908,7400,1937,210249
2024-01-09,2835,7340,1905,202673
2024-01-08,2829,7290,1846,200948
2024-01-07,2864,7300,1853,200478
2024-01-06,2851,7310,1850,198330
2024-01-03,2755,7320,1860,198981
2024-01-02,2732,7350,1879,197940
2024-01-01,2744,7400,1913,196118
2023-12-31,2761,7440,1917,196013
2023-12-30,2748,7490,1927,195797
2023-12-27,2724,7490,1853,194377
2023-12-26,2736,7490,1853,194061
2023-12-25,2772,7590,1853,193118
2023-12-24,2792,7640,2048,193501
2023-12-23,2821,7700,2048,193636
2023-12-20,2812,7750,2048,192306
2023-12-19,2822,7730,2048,192024
2023-12-18,2839,7660,2048,192510
2023-12-16,2771,7500,2048,192876
2023-12-13,2769,7480,2048,192289
2023-12-12,2813,7480,2048,192224
2023-12-11,2814,7490,2071,192269
2023-12-10,2805,7500,2078,193040
2023-12-09,2812,7510,2092,192161
2023-12-06,2877,7540,2116,193510
2023-12-05,2903,7580,2163,194163
2023-12-04,2788,7600,2151,195934
2023-12-03,2756,7480,2159,195358
2023-12-02,2725,7130,2069,194684
2023-11-29,2652,7020,1972,191717
2023-11-28,2570,6930,1881,191083
2023-11-27,2567,6950,1870,191408
2023-11-26,2583,6920,1875,191002
2023-11-25,2592,6920,1880,191047
2023-11-22,2599,6930,1879,190140
2023-11-21,2602,6920,1890,189787
2023-11-20,2594,6920,1883,188446
2023-11-19,2638,6930,1879,190063
2023-11-18,2611,6940,1880,190933
2023-11-15,2592,6970,1929,191667
2023-11-14,2622,7000,1981,190665
2023-11-13,2660,7030,2003,191572
2023-11-12,2626,7050,2003,191196
2023-11-11,2622,7090,2003,191325
2023-11-08,2628,7110,2013,190979
2023-11-07,2605,7070,2007,190409
2023-11-06,2501,7010,1919,191890
2023-11-05,2464,7020,1865,192961
2023-11-04,2427,6990,1853,192096
2023-11-01,2319,6890,1791,195123
2023-10-31,2396,6910,1820,194572
2023-10-30,2425,6910,1837,193470
2023-10-29,2326,6880,1823,194988
2023-10-28,2326,6830,1817,199702
2023-10-25,2446,6930,1887,192820
2023-10-24,2443,6920,1879,191735
2023-10-23,2554,6970,1916,191423
2023-10-22,2645,7000,1947,191224
2023-10-21,2644,6980,1947,190615
2023-10-18,2599,6990,1947,193191
2023-10-17,2677,7000,1947,188907
2023-10-16,2659,6990,1945,186846
2023-10-15,2566,6970,1927,190162
2023-10-14,2572,6960,1946,191810
2023-10-11,2669,7000,2000,188617
2023-10-10,2645,6990,1997,189143
2023-10-09,2623,6980,1993,197559
2023-10-08,2630,6920,2008,192685
2023-10-07,2765,6990,2083,181102
2023-10-04,2825,7000,2110,176453
2023-10-02,2784,7000,2122,177191
2023-10-01,2765,7010,2128,176556
2023-09-30,2826,7080,2156,175340
2023-09-27,2855,7210,2192,176858
2023-09-26,2881,7230,2186,178034
2023-09-25,2918,7280,2181,178179
2023-09-23,2998,7390,2212,179205
2023-09-20,3010,7410,2229,180550
2023-09-19,3013,7430,2270,182216
2023-09-18,3037,7390,2276,182407
2023-09-17,3044,7400,2258,184276
2023-09-13,3018,7410,2249,185112
2023-09-12,3030,7370,2258,183510
2023-09-11,2971,7370,2245,184887
2023-09-10,2932,7410,2247,184782
2023-09-09,2943,7430,2248,185764
2023-09-05,3047,7510,2283,184422
2023-09-04,2936,7500,2219,185691
2023-09-03,2882,7470,2186,186805
2023-09-02,2865,7460,2218,183802
2023-08-30,2879,7450,2205,184066
2023-08-29,2879,7430,2127,183400
2023-08-28,2830,7340,2086,183710
2023-08-27,2722,7240,1944,183792
2023-08-26,2596,6860,1944,183085
2023-08-23,2475,6680,1944,184881
2023-08-22,2424,6640,1944,184013
2023-08-21,2534,6680,1944,182469
2023-08-20,2503,6680,1944,183187
2023-08-19,2466,6680,1922,182406
2023-08-16,2466,6720,1956,185000
2023-08-15,2466,6740,1957,185334
2023-08-14,2569,6820,2034,186134
2023-08-13,2494,6750,2007,186395
2023-08-12,2570,6740,1999,183075
2023-08-09,2699,6990,2049,189576
2023-08-08,2716,7050,2071,188079
2023-08-07,2768,7120,2112,189835
2023-08-06,2645,7050,2024,190156
2023-08-05,2627,6990,2025,192137
2023-08-01,2509,6750,1967,195155
2023-07-31,2466,6680,1957,187454
2023-07-30,2454,6660,1968,185814
2023-07-29,2556,6680,2032,185667
2023-07-26,2560,6650,2046,185893
2023-07-25,2524,6650,2053,182291
2023-07-24,2622,6630,2045,178751
2023-07-23,2622,7070,2019,177728
2023-07-22,2622,7070,1994,181090
2023-07-19,2622,7070,2067,182346
2023-07-18,2622,7070,2013,184394
2023-07-17,2546,6670,1918,182914
2023-07-16,2671,6910,2001,182058
2023-07-15,2787,6980,2085,185915
2023-07-12,2817,6950,2124,184383
2023-07-11,2938,7130,2227,184441
2023-07-10,3049,7240,2279,187094
2023-07-09,3105,7280,2313,189432
2023-07-08,3159,7310,2364,191689
2023-07-05,3171,7300,2388,191521
2023-07-04,3197,7270,2391,191785
2023-07-03,3198,7070,2334,194635
2023-07-02,3143,6980,2339,193499
2023-07-01,3028,6920,2308,190086
2023-06-28,3073,6880,2325,186908
2023-06-27,3087,6860,2352,187150
2023-06-26,3164,6940,2338,185878
2023-06-25,3098,6970,2316,188242
2023-06-24,3088,6890,2470,187791
2023-06-21,3186,6980,2470,185278
2023-06-20,3140,7060,2470,185383
2023-06-19,3151,7050,2470,182869
2023-06-18,3207,7060,2508,187637
2023-06-17,3351,7060,2624,191430
2023-06-14,3398,7100,2584,191007
2023-06-13,3364,6980,2536,190992
2023-06-12,3376,6950,2515,183001
2023-06-11,3624,7220,2641,184911
2023-06-10,3624,7280,2658,187815
2023-06-07,3624,7520,2796,192353
2023-06-06,3588,7510,2906,198098
2023-06-03,3449,7500,2868,198111
2023-05-31,3425,7470,2827,198162
2023-05-30,3502,7510,2869,203684
2023-05-29,3491,7510,2823,205919
2023-05-28,3486,7510,2805,204227
2023-05-27,3660,7590,2922,206808
2023-05-24,3688,7700,2987,213173
2023-05-23,3752,7730,3010,213812
2023-05-22,3747,7790,2983,215503
2023-05-21,3664,7820,2933,210611
2023-05-20,3664,7810,2920,202524
2023-05-17,3757,7910,2943,201013
2023-05-15,3722,7940,2811,205800
2023-05-14,3739,7900,2721,209839
2023-05-13,3651,7590,2621,208209
2023-05-10,3834,7750,2739,214471
2023-05-09,3981,7750,2837,219848
2023-05-08,4129,7690,2849,217609
2023-05-07,4346,8180,2998,214674
2023-05-06,4417,8560,3135,227129
2023-05-03,4207,8620,2986,228368
2023-05-02,4046,8760,2869,229175
2023-05-01,3992,8690,2750,237708
2023-04-30,4010,8750,2634,234304
2023-04-29,3905,8520,2570,229028
2023-04-26,3936,8030,2517,213950
2023-04-25,4101,8120,2613,206881
2023-04-24,4105,7920,2548,206789
2023-04-19,4134,7970,2577,206901
2023-04-18,4160,8060,2645,204799
2023-04-17,3995,8040,2528,206068
2023-04-16,3980,8110,2461,201894
2023-04-15,3959,8150,2430,202936
2023-04-11,3849,7920,2319,204840
2023-04-10,3848,8050,2389,199633
2023-04-09,3858,8250,2470,206538
2023-04-08,3718,8270,2509,207477
2023-04-05,3721,7970,2404,208456
2023-04-04,3721,8020,2299,201960
2023-04-03,3697,7940,2212,212065
2023-03-29,3543,8040,2124,214536
2023-03-28,3445,8040,2122,207614
2023-03-27,3401,8120,2021,205425
2023-03-26,3380,8140,2002,201558
2023-03-25,3493,7900,2045,209149
2023-03-19,3376,7490,2025,197812
2023-03-18,3311,7020,2008,190908
2023-03-15,3157,6450,1913,179814
2023-03-14,3104,9670,1886,176640
2023-03-13,3107,9670,1881,169723
2023-03-12,3119,9670,1881,166938
2023-03-11,3227,9670,1918,162811
2023-03-07,3158,9830,1833,176650
2023-03-06,3192,9830,1804,183487
2023-03-05,3237,9830,1799,191740
2023-03-04,3114,9870,1749,199571
2023-03-01,3074,10180,1785,190107
2023-02-28,3192,10320,1852,202019
2023-02-27,3225,10260,1866,206089
2023-02-26,3079,10260,1874,218142
2023-02-25,3084,9660,1820,214876
2023-02-22,2960,9030,1735,197152
2023-02-21,3055,9000,1782,189103
2023-02-20,2927,8420,1711,195313
2023-02-19,2927,7870,1637,199527
2023-02-15,2927,7740,1646,184921
2023-02-14,2927,7790,1672,178810
2023-02-13,2927,7830,1692,174306
2023-02-12,2927,7820,1648,170703
2023-02-08,2927,7900,1659,163468
2023-02-07,2927,7830,1676,163066
2023-02-06,2927,7550,1638,163225
2023-02-05,2927,7450,1631,160710
2023-02-01,2927,7520,1699,162887
2023-01-31,2931,7480,1720,159857
2023-01-30,2837,7390,1652,163088
2023-01-29,2851,7360,1681,162270
2023-01-28,2990,7600,1769,158732
2023-01-25,3031,7600,1833,150648
2023-01-24,3135,7780,1926,150829
2023-01-23,3137,7810,1926,159544
2023-01-22,3231,7700,1921,168722
